sport,mean_rcc,mean_bmi
B_Ball,4.57,22.2584
Field,5.02421052631579,27.5394736842105
Gym,4.3075,18.52
Netball,4.22739130434783,22.4395652173913
Row,4.67783783783784,23.4981081081081
Swim,4.71454545454546,22.9386363636364
T_400m,4.69103448275862,20.7431034482759
T_Sprnt,5.19333333333333,22.898
Tennis,4.79090909090909,21.1054545454545
W_Polo,5.03235294117647,24.4664705882353
